/home/pi/Music/Hireso/BOOWY/0011562875.flac	 BOφWY	 PSYCHOPATH	 LIAR GIRL	70
/home/pi/Music/Hireso/BOOWY/0011562876.flac	 BOφWY	 PSYCHOPATH	 ANGEL PASSED CHILDREN	70
/home/pi/Music/Hireso/BOOWY/0011562877.flac	 BOφWY	 PSYCHOPATH	 LONGER THAN FOREVER	70
/home/pi/Music/Hireso/BOOWY/0011562878.flac	 BOφWY	 PSYCHOPATH	 GIGOLO & GIGOLET	70
/home/pi/Music/Hireso/BOOWY/0011562879.flac	 BOφWY	 PSYCHOPATH	 RENDEZ-VOUS (LIVE IN HAMBURG JULY 1987)	70
/home/pi/Music/Hireso/BOOWY/0011562880.flac	 BOφWY	 PSYCHOPATH	 MARIONETTE	70
/home/pi/Music/Hireso/BOOWY/0011562881.flac	 BOφWY	 PSYCHOPATH	 PLASTIC BOMB	70
/home/pi/Music/Hireso/BOOWY/0011562882.flac	 BOφWY	 PSYCHOPATH	 PSYCHOPATH	70
/home/pi/Music/Hireso/BOOWY/0011562883.flac	 BOφWY	 PSYCHOPATH	 CELLULOID DOLL	70
/home/pi/Music/Hireso/BOOWY/0011562884.flac	 BOφWY	 PSYCHOPATH	 FANTASTIC STORY	70
/home/pi/Music/Hireso/BOOWY/0011562885.flac	 BOφWY	 PSYCHOPATH	 MEMORY	70
/home/pi/Music/Hireso/BOOWY/0011562886.flac	 BOφWY	 PSYCHOPATH	 季節が君だけを変える	70
/home/pi/Music/Hireso/Iruka/record384/CultureClub_ColourByNumbers_1.flac	 Culture Club	 Colour by Numbers	 Colour by Numbers SIDE 1	100
/home/pi/Music/Hireso/Iruka/record384/CultureClub_ColourByNumbers_2.flac	 Culture Club	 Colour by Numbers	 Colour by Numbers SIDE 2	100
/home/pi/Music/m4a/CultureClubBest/1-0000855124.320.m4a	 Culture Club	 Greatest Hits	 Do You Really Want to Hurt Me (2002 - Remaster)	70
/home/pi/Music/m4a/CultureClubBest/2-0000855125.320.m4a	 Culture Club	 Greatest Hits	 Time (Clock Of The Heart) [2002 - Remaster]	70
/home/pi/Music/m4a/CultureClubBest/3-0000855126.320.m4a	 Culture Club	 Greatest Hits	 I'll Tumble 4 Ya (2002 - Remaster)	70
/home/pi/Music/m4a/CultureClubBest/4-0000855127.320.m4a	 Culture Club	 Greatest Hits	 White Boy (Dance Mix) [2003 - Remaster]	70
/home/pi/Music/m4a/CultureClubBest/5-0000855128.320.m4a	 Culture Club	 Greatest Hits	 Church Of The Poison Mind (2002 - Remaster)	70
/home/pi/Music/m4a/CultureClubBest/6-0000855129.320.m4a	 Culture Club	 Greatest Hits	 Karma Chameleon (2002 - Remaster)	70
/home/pi/Music/m4a/CultureClubBest/7-0000855130.320.m4a	 Culture Club	 Greatest Hits	 Miss Me Blind (2002 - Remaster)	70
/home/pi/Music/m4a/CultureClubBest/8-0000855131.320.m4a	 Culture Club	 Greatest Hits	 It's A Miracle (2002 - Remaster)	70
/home/pi/Music/m4a/CultureClubBest/9-0000855132.320.m4a	 Culture Club	 Greatest Hits	 Victims (2002 - Remaster)	70
/home/pi/Music/m4a/CultureClubBest/10-0000855133.320.m4a	 Culture Club	 Greatest Hits	 Black Money (2003 Digital Remaster)	70
/home/pi/Music/m4a/CultureClubBest/11-0000855134.320.m4a	 Culture Club	 Greatest Hits	 The War Song (2003 - Remaster)	70
/home/pi/Music/m4a/CultureClubBest/12-0000855135.320.m4a	 Culture Club	 Greatest Hits	 Mistake Number 3 (2002 - Remaster)	70
/home/pi/Music/m4a/CultureClubBest/13-0000855136.320.m4a	 Culture Club	 Greatest Hits	 Love Is Love (2002 - Remaster)	70
/home/pi/Music/m4a/CultureClubBest/14-0000855137.320.m4a	 Culture Club	 Greatest Hits	 Move Away	70
/home/pi/Music/m4a/CultureClubBest/15-0000855138.320.m4a	 Culture Club	 Greatest Hits	 I Just Wanna Be Loved	70
/home/pi/Music/m4a/CultureClubBest/16-0000855139.320.m4a	 Culture Club	 Greatest Hits	 Cold Shoulder	70
/home/pi/Music/m4a/CultureClubBest/17-0000855140.320.m4a	 Culture Club	 Greatest Hits	 Your Kisses Are Charity (Blouse And Skirt Mix)	70
/home/pi/Music/Hireso/GLAY/1-0004404866.flac	 GLAY	 DRIVE -GLAY complete BEST-	 とまどい(Jet the Phantom)	70
/home/pi/Music/Hireso/GLAY/2-0004404867.flac	 GLAY	 DRIVE -GLAY complete BEST-	 口唇	70
/home/pi/Music/Hireso/GLAY/3-0004404868.flac	 GLAY	 DRIVE -GLAY complete BEST-	 SHUTTER SPEEDSのテーマ	70
/home/pi/Music/Hireso/GLAY/4-0004404875.flac	 GLAY	 DRIVE -GLAY complete BEST-	 ずっと2人で…	70
/home/pi/Music/Hireso/GLAY/5-0004404889.flac	 GLAY	 DRIVE -GLAY complete BEST-	 グロリアス	70
/home/pi/Music/Hireso/GLAY/6-0004404890.flac	 GLAY	 DRIVE -GLAY complete BEST-	 a Boy ～ずっと忘れない～	70
/home/pi/Music/Hireso/GLAY/7-0004404891.flac	 GLAY	 DRIVE -GLAY complete BEST-	 生きてく強さ	70
/home/pi/Music/Hireso/GLAY/8-0004404892.flac	 GLAY	 DRIVE -GLAY complete BEST-	 HAPPY SWING	70
/home/pi/Music/Hireso/GLAY/9-0004404893.flac	 GLAY	 DRIVE -GLAY complete BEST-	 彼女の"Modern…"	70
/home/pi/Music/Hireso/GLAY/10-0004404894.flac	 GLAY	 DRIVE -GLAY complete BEST-	 SOUL LOVE	70
/home/pi/Music/Hireso/GLAY/11-0004404895.flac	 GLAY	 DRIVE -GLAY complete BEST-	 HOWEVER	70
/home/pi/Music/Hireso/GLAY/12-0004404896.flac	 GLAY	 DRIVE -GLAY complete BEST-	 I'm in Love	70
/home/pi/Music/Hireso/GLAY/13-0004404897.flac	 GLAY	 DRIVE -GLAY complete BEST-	 誘惑	70
/home/pi/Music/Hireso/GLAY/14-0004404898.flac	 GLAY	 DRIVE -GLAY complete BEST-	 生きがい	70
/home/pi/Music/Hireso/GLAY/15-0004404899.flac	 GLAY	 DRIVE -GLAY complete BEST-	 ビリビリクラッシュメン	70
/home/pi/Music/Hireso/GLAY/16-0004404900.flac	 GLAY	 DRIVE -GLAY complete BEST-	 BELOVED	70
/home/pi/Music/Hireso/GLAY/17-0004404901.flac	 GLAY	 DRIVE -GLAY complete BEST-	 HAPPINESS	70
/home/pi/Music/Hireso/GLAY/18-0004404902.flac	 GLAY	 DRIVE -GLAY complete BEST-	 サバイバル	70
/home/pi/Music/Hireso/GLAY/19-0004404903.flac	 GLAY	 DRIVE -GLAY complete BEST-	 pure soul	70
/home/pi/Music/Hireso/GLAY/20-0004404909.flac	 GLAY	 DRIVE -GLAY complete BEST-	 BE WITH YOU	70
/home/pi/Music/Hireso/GLAY/21-0004404928.flac	 GLAY	 DRIVE -GLAY complete BEST-	 Winter, again	70
/home/pi/Music/Hireso/GLAY/22-0004404929.flac	 GLAY	 DRIVE -GLAY complete BEST-	 春を愛する人	70
/home/pi/Music/Hireso/GLAY/23-0004404930.flac	 GLAY	 DRIVE -GLAY complete BEST-	 SPECIAL THANKS	70
/home/pi/Music/Hireso/GLAY/24-0004404933.flac	 GLAY	 DRIVE -GLAY complete BEST-	 Missing You	70
/home/pi/Music/Hireso/GODIEGO/0008028068.flac	 GODIEGO	 GODIEGO GREAT BEST Vol.1 -Japanese Version- (24bit/96kHz)	 ビューティフル・ネーム (24bit/96kHz)	70
/home/pi/Music/Hireso/GODIEGO/0008028070.flac	 GODIEGO	 GODIEGO GREAT BEST Vol.1 -Japanese Version- (24bit/96kHz)	 ガンダーラ (24bit/96kHz)	70
/home/pi/Music/Hireso/GODIEGO/0008028071.flac	 GODIEGO	 GODIEGO GREAT BEST Vol.1 -Japanese Version- (24bit/96kHz)	 銀河鉄道999 (24bit/96kHz)	70
/home/pi/Music/Hireso/GODIEGO/0008028072.flac	 GODIEGO	 GODIEGO GREAT BEST Vol.1 -Japanese Version- (24bit/96kHz)	 ホーリー&ブライト (24bit/96kHz)	70
/home/pi/Music/Hireso/GODIEGO/0008028073.flac	 GODIEGO	 GODIEGO GREAT BEST Vol.1 -Japanese Version- (24bit/96kHz)	 リターン・トゥ・アフリカ (24bit/96kHz)	70
/home/pi/Music/Hireso/GODIEGO/0008028074.flac	 GODIEGO	 GODIEGO GREAT BEST Vol.1 -Japanese Version- (24bit/96kHz)	 ポートピア (24bit/96kHz)	70
/home/pi/Music/Hireso/GODIEGO/0008028075.flac	 GODIEGO	 GODIEGO GREAT BEST Vol.1 -Japanese Version- (24bit/96kHz)	 ナマステ (24bit/96kHz)	70
/home/pi/Music/Hireso/GODIEGO/0008028076.flac	 GODIEGO	 GODIEGO GREAT BEST Vol.1 -Japanese Version- (24bit/96kHz)	 愛の3(スリー)イヤーズ (24bit/96kHz)	70
/home/pi/Music/Hireso/GODIEGO/0008028077.flac	 GODIEGO	 GODIEGO GREAT BEST Vol.1 -Japanese Version- (24bit/96kHz)	 アフター・ザ・レイン (24bit/96kHz)	70
/home/pi/Music/Hireso/GODIEGO/0008028079.flac	 GODIEGO	 GODIEGO GREAT BEST Vol.1 -Japanese Version- (24bit/96kHz)	 (カミング・トゥゲザー・イン)カトマンズ (24bit/96kHz)	70
/home/pi/Music/Hireso/GODIEGO/0008028080.flac	 GODIEGO	 GODIEGO GREAT BEST Vol.1 -Japanese Version- (24bit/96kHz)	 ア・グッド・デイ (24bit/96kHz)	70
/home/pi/Music/Hireso/GODIEGO/0008028083.flac	 GODIEGO	 GODIEGO GREAT BEST Vol.1 -Japanese Version- (24bit/96kHz)	 モンキー・マジック (24bit/96kHz)	70
/home/pi/Music/Hireso/GODIEGO/0008028069.flac	 GODIEGO/タケカワユキヒデ	 GODIEGO GREAT BEST Vol.1 -Japanese Version- (24bit/96kHz)	 ハピネス (24bit/96kHz)	70
/home/pi/Music/Hireso/GODIEGO/0008028078.flac	 GODIEGO/タケカワユキヒデ	 GODIEGO GREAT BEST Vol.1 -Japanese Version- (24bit/96kHz)	 ドキ・ドキ・サマーガール (24bit/96kHz)	70
/home/pi/Music/mp3/Pizzicato Five - Sister Freedom Tapes/01 - Airplane '96.mp3	 Pizzicato Five	 Sister Freedom Tapes	 Airplane '96	70
/home/pi/Music/mp3/Pizzicato Five - Sister Freedom Tapes/02 - Domino.mp3	 Pizzicato Five	 Sister Freedom Tapes	 Domino	70
/home/pi/Music/mp3/Pizzicato Five - Sister Freedom Tapes/03 - Snowflakes.mp3	 Pizzicato Five	 Sister Freedom Tapes	 Snowflakes	70
/home/pi/Music/mp3/Pizzicato Five - Sister Freedom Tapes/04 - Chicken Curry.mp3	 Pizzicato Five	 Sister Freedom Tapes	 Chicken Curry	70
/home/pi/Music/mp3/Pizzicato Five - Sister Freedom Tapes/05 - Mini Cooper.mp3	 Pizzicato Five	 Sister Freedom Tapes	 Mini Cooper	70
/home/pi/Music/mp3/Pizzicato Five - Sister Freedom Tapes/06 - Holger & Marcus.mp3	 Pizzicato Five	 Sister Freedom Tapes	 Holger & Marcus	70
/home/pi/Music/mp3/Pizzicato Five - Sister Freedom Tapes/07 - Cornflakes.mp3	 Pizzicato Five	 Sister Freedom Tapes	 Cornflakes	70
/home/pi/Music/mp3/Pizzicato Five - Sister Freedom Tapes/08 - To Our Children's Children's Children.mp3	 Pizzicato Five	 Sister Freedom Tapes	 To Our Children's Children's Children	70
/home/pi/Music/mp3/Pizzicato Five - Sister Freedom Tapes/09 - Passing By.mp3	 Pizzicato Five	 Sister Freedom Tapes	 Passing By	70
/home/pi/Music/mp3/Pizzicato Five - combinaison SPACIALE ep/01 - ベイビィ・ポータブル・ロック (BABY MEXICAN ROCK VERSION).mp3	 Pizzicato Five	 combinaison SPACIALE ep	 ベイビィ・ポータブル・ロック (BABY MEXICAN ROCK VERSION)	70
/home/pi/Music/mp3/Pizzicato Five - combinaison SPACIALE ep/02 - アイスクリーム・メルティン・メロウ (MARIN MIX 2).mp3	 Pizzicato Five	 combinaison SPACIALE ep	 アイスクリーム・メルティン・メロウ (MARIN MIX 2)	70
/home/pi/Music/mp3/Pizzicato Five - combinaison SPACIALE ep/03 - コンタクト (PERCOLATOR MIX).mp3	 Pizzicato Five	 combinaison SPACIALE ep	 コンタクト (PERCOLATOR MIX)	70
/home/pi/Music/mp3/Pizzicato Five - combinaison SPACIALE ep/04 - good (SAMOAN ATTORNEY MIX).mp3	 Pizzicato Five	 combinaison SPACIALE ep	 good (SAMOAN ATTORNEY MIX)	70
/home/pi/Music/mp3/Pizzicato Five - combinaison SPACIALE ep/05 - トウキョウ・モナムール (DISCOTIQUE 96 MIX) (featuring 久米大作 at the organ).mp3	 Pizzicato Five	 combinaison SPACIALE ep	 トウキョウ・モナムール (DISCOTIQUE 96 MIX) (featuring 久米大作 at the organ)	70
/home/pi/Music/mp3/Pizzicato Five - combinaison SPACIALE ep/06 - アイスクリーム・メルティン・メロウ (MARIN MIX 1).mp3	 Pizzicato Five	 combinaison SPACIALE ep	 アイスクリーム・メルティン・メロウ (MARIN MIX 1)	70
/home/pi/Music/mp3/Pizzicato Five - pizzicato five TYO/01 - We Love Pizzicato Five.mp3	 Pizzicato Five	 pizzicato five TYO	 We Love Pizzicato Five	70
/home/pi/Music/mp3/Pizzicato Five - pizzicato five TYO/02 - スウィートソウルレヴュー.mp3	 Pizzicato Five	 pizzicato five TYO	 スウィート・ソウル・レヴュー	70
/home/pi/Music/mp3/Pizzicato Five - pizzicato five TYO/03 - 東京は夜の七時.mp3	 Pizzicato Five	 pizzicato five TYO	 東京は夜の七時	70
/home/pi/Music/mp3/Pizzicato Five - pizzicato five TYO/04 - 我が名はグルーヴィー.mp3	 Pizzicato Five	 pizzicato five TYO	 我が名はグルーヴィー	70
/home/pi/Music/mp3/Pizzicato Five - pizzicato five TYO/05 - トゥイギートゥイギー.mp3	 Pizzicato Five	 pizzicato five TYO	 トゥイギー・トゥイギー ～ トゥイギー対ジェームズ・ポンド	70
/home/pi/Music/mp3/Pizzicato Five - pizzicato five TYO/06 - 大人になりましょう.mp3	 Pizzicato Five	 pizzicato five TYO	 大人になりましょう	70
/home/pi/Music/mp3/Pizzicato Five - pizzicato five TYO/07 - CDJ.mp3	 Pizzicato Five	 pizzicato five TYO	 CDJ	70
/home/pi/Music/mp3/Pizzicato Five - pizzicato five TYO/08 - 陽の当たる大通り.mp3	 Pizzicato Five	 pizzicato five TYO	 陽の当たる大通り [Sunday Morning Takimix]	70
/home/pi/Music/mp3/Pizzicato Five - pizzicato five TYO/09 - ハッピー・サッド.mp3	 Pizzicato Five	 pizzicato five TYO	 ハッピー・サッド	70
/home/pi/Music/mp3/Pizzicato Five - pizzicato five TYO/10 - キャッチー.mp3	 Pizzicato Five	 pizzicato five TYO	 キャッチー [Voltage Unlimited Catchy]	70
/home/pi/Music/mp3/Pizzicato Five - pizzicato five TYO/11 - サンキュー.mp3	 Pizzicato Five	 pizzicato five TYO	 サンキュー	70
/home/pi/Music/mp3/Pizzicato Five - pizzicato five TYO/12 - マジックカーペットライド.mp3	 Pizzicato Five	 pizzicato five TYO	 マジック・カーペット・ライド	70
/home/pi/Music/mp3/Pizzicato Five - pizzicato five TYO/13 - We Love Pizzicato Five.mp3	 Pizzicato Five	 pizzicato five TYO	 We Love Pizzicato Five	70
/home/pi/Music/mp3/Pizzicato Five - pizzicato five TYO/14 - 万事快調.mp3	 Pizzicato Five	 pizzicato five TYO	 万事快調	70
/home/pi/Music/Hireso/TULIP/0011146531.flac	 TULIP	 チューリップ・ガーデン	 魔法の黄色い靴	70
/home/pi/Music/Hireso/TULIP/0011146532.flac	 TULIP	 チューリップ・ガーデン	 ハーモニー	70
/home/pi/Music/Hireso/TULIP/0011146533.flac	 TULIP	 チューリップ・ガーデン	 一人の部屋	70
/home/pi/Music/Hireso/TULIP/0011146534.flac	 TULIP	 チューリップ・ガーデン	 田舎へ引越そう	70
/home/pi/Music/Hireso/TULIP/0011146535.flac	 TULIP	 チューリップ・ガーデン	 心の旅	70
/home/pi/Music/Hireso/TULIP/0011146536.flac	 TULIP	 チューリップ・ガーデン	 夢中さ君に	70
/home/pi/Music/Hireso/TULIP/0011146537.flac	 TULIP	 チューリップ・ガーデン	 夏色のおもいで	70
/home/pi/Music/Hireso/TULIP/0011146538.flac	 TULIP	 チューリップ・ガーデン	 しっぽの丸い小犬	70
/home/pi/Music/Hireso/TULIP/0011146539.flac	 TULIP	 チューリップ・ガーデン	 銀の指輪	70
/home/pi/Music/Hireso/TULIP/0011146540.flac	 TULIP	 チューリップ・ガーデン	 セプテンバー	70
/home/pi/Music/Hireso/TULIP/0011146541.flac	 TULIP	 チューリップ・ガーデン	 青春の影	70
/home/pi/Music/Hireso/TULIP/0011146542.flac	 TULIP	 チューリップ・ガーデン	 一本の傘	70
/home/pi/Music/Hireso/TULIP/0011146543.flac	 TULIP	 チューリップ・ガーデン	 ぼくがつくった愛のうた(いとしのEmily)	70
/home/pi/Music/Hireso/TULIP/0011146544.flac	 TULIP	 チューリップ・ガーデン	 私のアイドル	70
/home/pi/Music/Hireso/TULIP/0011146545.flac	 TULIP	 チューリップ・ガーデン	 サボテンの花	70
/home/pi/Music/Hireso/TULIP/0011146546.flac	 TULIP	 チューリップ・ガーデン	 なくした言葉	70
/home/pi/Music/Hireso/TULIP/0011146547.flac	 TULIP	 チューリップ・ガーデン	 悲しきレイン・トレイン	70
/home/pi/Music/Hireso/TULIP/0011146548.flac	 TULIP	 チューリップ・ガーデン	 さよならのプレゼント	70
/home/pi/Music/Hireso/TULIP/0011146549.flac	 TULIP	 チューリップ・ガーデン	 娘が嫁ぐ朝	70
/home/pi/Music/Hireso/TULIP/0011146550.flac	 TULIP	 チューリップ・ガーデン	 風見鳥	70
/home/pi/Music/Hireso/TULIP/0011146551.flac	 TULIP	 チューリップ・ガーデン	 風のメロディ	70
/home/pi/Music/Hireso/TULIP/0011146552.flac	 TULIP	 チューリップ・ガーデン	 ともだちのあなただから	70
/home/pi/Music/Hireso/TULIP/0011146553.flac	 TULIP	 チューリップ・ガーデン	 ブルー・スカイ	70
/home/pi/Music/Hireso/TULIP/0011146554.flac	 TULIP	 チューリップ・ガーデン	 恋人への手紙	70
/home/pi/Music/CD/UNISON/UNISON SQUARE GARDEN - 10% roll, 10% romance/01 - 10% roll, 10% romance.flac	 UNISON SQUARE GARDEN	 10% roll, 10% romance	 10% roll, 10% romance	70
/home/pi/Music/CD/UNISON/UNISON SQUARE GARDEN - 10% roll, 10% romance/02 - RUNNERS HIGH REPRISE.flac	 UNISON SQUARE GARDEN	 10% roll, 10% romance	 RUNNERS HIGH REPRISE	70
/home/pi/Music/CD/UNISON/UNISON SQUARE GARDEN - 10% roll, 10% romance/03 - flat song.flac	 UNISON SQUARE GARDEN	 10% roll, 10% romance	 flat song	70
/home/pi/Music/CD/UNISON/UNISON SQUARE GARDEN - CIDER ROAD/01 - to the CIDER ROAD.flac	 UNISON SQUARE GARDEN	 CIDER ROAD	 to the CIDER ROAD	70
/home/pi/Music/CD/UNISON/UNISON SQUARE GARDEN - CIDER ROAD/02 - ため息 shooting the MOON.flac	 UNISON SQUARE GARDEN	 CIDER ROAD	 ため息 shooting the MOON	70
/home/pi/Music/CD/UNISON/UNISON SQUARE GARDEN - CIDER ROAD/03 - リニアブルーを聴きながら (「劇場版 TIGER&BUNNY The Beginning」主題歌).flac	 UNISON SQUARE GARDEN	 CIDER ROAD	 リニアブルーを聴きながら (「劇場版 TIGER&BUNNY The Beginning」主題歌)	70
/home/pi/Music/CD/UNISON/UNISON SQUARE GARDEN - CIDER ROAD/04 - like coffeeのおまじない.flac	 UNISON SQUARE GARDEN	 CIDER ROAD	 like coffeeのおまじない	70
/home/pi/Music/CD/UNISON/UNISON SQUARE GARDEN - CIDER ROAD/05 - お人好しカメレオン.flac	 UNISON SQUARE GARDEN	 CIDER ROAD	 お人好しカメレオン	70
/home/pi/Music/CD/UNISON/UNISON SQUARE GARDEN - CIDER ROAD/06 - 光のどけき春の日に.flac	 UNISON SQUARE GARDEN	 CIDER ROAD	 光のどけき春の日に	70
/home/pi/Music/CD/UNISON/UNISON SQUARE GARDEN - CIDER ROAD/07 - クロスハート1号線 (advantage in a long time).flac	 UNISON SQUARE GARDEN	 CIDER ROAD	 クロスハート1号線 (advantage in a long time)	70
/home/pi/Music/CD/UNISON/UNISON SQUARE GARDEN - CIDER ROAD/08 - セレナーデが止まらない.flac	 UNISON SQUARE GARDEN	 CIDER ROAD	 セレナーデが止まらない	70
/home/pi/Music/CD/UNISON/UNISON SQUARE GARDEN - CIDER ROAD/09 - 流星のスコール.flac	 UNISON SQUARE GARDEN	 CIDER ROAD	 流星のスコール	70
/home/pi/Music/CD/UNISON/UNISON SQUARE GARDEN - CIDER ROAD/10 - Miss．サンディ.flac	 UNISON SQUARE GARDEN	 CIDER ROAD	 Miss．サンディ	70
/home/pi/Music/CD/UNISON/UNISON SQUARE GARDEN - CIDER ROAD/11 - crazy birthday.flac	 UNISON SQUARE GARDEN	 CIDER ROAD	 crazy birthday	70
/home/pi/Music/CD/UNISON/UNISON SQUARE GARDEN - CIDER ROAD/12 - 君はともだち.flac	 UNISON SQUARE GARDEN	 CIDER ROAD	 君はともだち	70
/home/pi/Music/CD/UNISON/UNISON SQUARE GARDEN - CIDER ROAD/13 - シャンデリア・ワルツ.flac	 UNISON SQUARE GARDEN	 CIDER ROAD	 シャンデリア・ワルツ	70
/home/pi/Music/CD/UNISON/UNISON SQUARE GARDEN - Catcher In The Spy (disc 1)/01 - サイレンインザスパイ.flac	 UNISON SQUARE GARDEN	 Catcher In The Spy (disc 1)	 サイレンインザスパイ	70
/home/pi/Music/CD/UNISON/UNISON SQUARE GARDEN - Catcher In The Spy (disc 1)/02 - シューゲイザースピーカー.flac	 UNISON SQUARE GARDEN	 Catcher In The Spy (disc 1)	 シューゲイザースピーカー	70
/home/pi/Music/CD/UNISON/UNISON SQUARE GARDEN - Catcher In The Spy (disc 1)/03 - 桜のあと (all quartets lead to the_).flac	 UNISON SQUARE GARDEN	 Catcher In The Spy (disc 1)	 桜のあと (all quartets lead to the?)	70
/home/pi/Music/CD/UNISON/UNISON SQUARE GARDEN - Catcher In The Spy (disc 1)/04 - 蒙昧termination.flac	 UNISON SQUARE GARDEN	 Catcher In The Spy (disc 1)	 蒙昧termination	70
/home/pi/Music/CD/UNISON/UNISON SQUARE GARDEN - Catcher In The Spy (disc 1)/05 - 君が大人になってしまう前に.flac	 UNISON SQUARE GARDEN	 Catcher In The Spy (disc 1)	 君が大人になってしまう前に	70
/home/pi/Music/CD/UNISON/UNISON SQUARE GARDEN - Catcher In The Spy (disc 1)/06 - メカトル時空探検隊.flac	 UNISON SQUARE GARDEN	 Catcher In The Spy (disc 1)	 メカトル時空探検隊	70
/home/pi/Music/CD/UNISON/UNISON SQUARE GARDEN - Catcher In The Spy (disc 1)/07 - 流れ星を撃ち落せ.flac	 UNISON SQUARE GARDEN	 Catcher In The Spy (disc 1)	 流れ星を撃ち落せ	70
/home/pi/Music/CD/UNISON/UNISON SQUARE GARDEN - Catcher In The Spy (disc 1)/08 - 何かが変わりそう.flac	 UNISON SQUARE GARDEN	 Catcher In The Spy (disc 1)	 何かが変わりそう	70
/home/pi/Music/CD/UNISON/UNISON SQUARE GARDEN - Catcher In The Spy (disc 1)/09 - harmonized finale.flac	 UNISON SQUARE GARDEN	 Catcher In The Spy (disc 1)	 harmonized finale	70
/home/pi/Music/CD/UNISON/UNISON SQUARE GARDEN - Catcher In The Spy (disc 1)/10 - 天国と地獄.flac	 UNISON SQUARE GARDEN	 Catcher In The Spy (disc 1)	 天国と地獄	70
/home/pi/Music/CD/UNISON/UNISON SQUARE GARDEN - Catcher In The Spy (disc 1)/11 - instant EGOIST.flac	 UNISON SQUARE GARDEN	 Catcher In The Spy (disc 1)	 instant EGOIST	70
/home/pi/Music/CD/UNISON/UNISON SQUARE GARDEN - Catcher In The Spy (disc 1)/12 - 黄昏インザスパイ.flac	 UNISON SQUARE GARDEN	 Catcher In The Spy (disc 1)	 黄昏インザスパイ	70
/home/pi/Music/CD/UNISON/UNISON SQUARE GARDEN - DUGOUT ACCIDENT/01 - アンドロメダ.flac	 UNISON SQUARE GARDEN	 DUGOUT ACCIDENT	 アンドロメダ	70
/home/pi/Music/CD/UNISON/UNISON SQUARE GARDEN - DUGOUT ACCIDENT/02 - フルカラープログラム (D.A style).flac	 UNISON SQUARE GARDEN	 DUGOUT ACCIDENT	 フルカラープログラム (D.A style)	70
/home/pi/Music/CD/UNISON/UNISON SQUARE GARDEN - DUGOUT ACCIDENT/03 - 徹頭徹尾夜な夜なドライブ.flac	 UNISON SQUARE GARDEN	 DUGOUT ACCIDENT	 徹頭徹尾夜な夜なドライブ	70
/home/pi/Music/CD/UNISON/UNISON SQUARE GARDEN - DUGOUT ACCIDENT/04 - ガリレオのショーケース (D.A style).flac	 UNISON SQUARE GARDEN	 DUGOUT ACCIDENT	 ガリレオのショーケース (D.A style)	70
/home/pi/Music/CD/UNISON/UNISON SQUARE GARDEN - DUGOUT ACCIDENT/05 - 23_25 (D.A mix).flac	 UNISON SQUARE GARDEN	 DUGOUT ACCIDENT	25 (D.A mix)	70
/home/pi/Music/CD/UNISON/UNISON SQUARE GARDEN - DUGOUT ACCIDENT/06 - 夕凪、アンサンブル.flac	 UNISON SQUARE GARDEN	 DUGOUT ACCIDENT	 夕凪、アンサンブル	70
/home/pi/Music/CD/UNISON/UNISON SQUARE GARDEN - DUGOUT ACCIDENT/07 - kid, I like quartet (D.A mix).flac	 UNISON SQUARE GARDEN	 DUGOUT ACCIDENT	 kid, I like quartet (D.A mix)	70
/home/pi/Music/CD/UNISON/UNISON SQUARE GARDEN - DUGOUT ACCIDENT/08 - 誰かが忘れているかもしれない僕らに大事な001のこと (D.A mix).flac	 UNISON SQUARE GARDEN	 DUGOUT ACCIDENT	 誰かが忘れているかもしれない僕らに大事な001のこと (D.A mix)	70
/home/pi/Music/CD/UNISON/UNISON SQUARE GARDEN - DUGOUT ACCIDENT/09 - 天国と地獄.flac	 UNISON SQUARE GARDEN	 DUGOUT ACCIDENT	 天国と地獄	70
/home/pi/Music/CD/UNISON/UNISON SQUARE GARDEN - DUGOUT ACCIDENT/10 - 未完成デイジー (D.A mix).flac	 UNISON SQUARE GARDEN	 DUGOUT ACCIDENT	 未完成デイジー (D.A mix)	70
/home/pi/Music/CD/UNISON/UNISON SQUARE GARDEN - DUGOUT ACCIDENT/11 - シャンデリア・ワルツ.flac	 UNISON SQUARE GARDEN	 DUGOUT ACCIDENT	 シャンデリア・ワルツ	70
/home/pi/Music/CD/UNISON/UNISON SQUARE GARDEN - DUGOUT ACCIDENT/12 - 場違いハミングバード (D.A mix).flac	 UNISON SQUARE GARDEN	 DUGOUT ACCIDENT	 場違いハミングバード (D.A mix)	70
/home/pi/Music/CD/UNISON/UNISON SQUARE GARDEN - DUGOUT ACCIDENT/13 - 箱庭ロック・ショー (D.A style).flac	 UNISON SQUARE GARDEN	 DUGOUT ACCIDENT	 箱庭ロック・ショー (D.A style)	70
/home/pi/Music/CD/UNISON/UNISON SQUARE GARDEN - DUGOUT ACCIDENT/14 - クローバー (D.A mix).flac	 UNISON SQUARE GARDEN	 DUGOUT ACCIDENT	 クローバー (D.A mix)	70
/home/pi/Music/CD/UNISON/UNISON SQUARE GARDEN - DUGOUT ACCIDENT/15 - プログラムcontinued.flac	 UNISON SQUARE GARDEN	 DUGOUT ACCIDENT	 プログラムcontinued	70
/home/pi/Music/CD/UNISON/UNISON SQUARE GARDEN - DUGOUT ACCIDENT/16 - さわれない歌.flac	 UNISON SQUARE GARDEN	 DUGOUT ACCIDENT	 さわれない歌	70
/home/pi/Music/CD/UNISON/UNISON SQUARE GARDEN - Dr.Izzy/01 - エアリアルエイリアン.flac	 UNISON SQUARE GARDEN	 Dr.Izzy	 エアリアルエイリアン	70
/home/pi/Music/CD/UNISON/UNISON SQUARE GARDEN - Dr.Izzy/02 - アトラクションがはじまる(they call it “NO.6”).flac	 UNISON SQUARE GARDEN	 Dr.Izzy	 アトラクションがはじまる(they call it “NO.6”)	70
/home/pi/Music/CD/UNISON/UNISON SQUARE GARDEN - Dr.Izzy/03 - シュガーソングとビターステップ.flac	 UNISON SQUARE GARDEN	 Dr.Izzy	 シュガーソングとビターステップ	70
/home/pi/Music/CD/UNISON/UNISON SQUARE GARDEN - Dr.Izzy/04 - マイノリティ・リポート(darling, I love you).flac	 UNISON SQUARE GARDEN	 Dr.Izzy	 マイノリティ・リポート(darling, I love you)	70
/home/pi/Music/CD/UNISON/UNISON SQUARE GARDEN - Dr.Izzy/05 - オトノバ中間試験.flac	 UNISON SQUARE GARDEN	 Dr.Izzy	 オトノバ中間試験	70
/home/pi/Music/CD/UNISON/UNISON SQUARE GARDEN - Dr.Izzy/06 - マジョリティ・リポート(darling, I love you).flac	 UNISON SQUARE GARDEN	 Dr.Izzy	 マジョリティ・リポート(darling, I love you)	70
/home/pi/Music/CD/UNISON/UNISON SQUARE GARDEN - Dr.Izzy/07 - BUSTER DICE MISERY.flac	 UNISON SQUARE GARDEN	 Dr.Izzy	 BUSTER DICE MISERY	70
/home/pi/Music/CD/UNISON/UNISON SQUARE GARDEN - Dr.Izzy/08 - パンデミックサドンデス.flac	 UNISON SQUARE GARDEN	 Dr.Izzy	 パンデミックサドンデス	70
/home/pi/Music/CD/UNISON/UNISON SQUARE GARDEN - Dr.Izzy/09 - 8月、昼中の流れ星と飛行機雲.flac	 UNISON SQUARE GARDEN	 Dr.Izzy	 8月、昼中の流れ星と飛行機雲	70
/home/pi/Music/CD/UNISON/UNISON SQUARE GARDEN - Dr.Izzy/10 - フライデイノベルス.flac	 UNISON SQUARE GARDEN	 Dr.Izzy	 フライデイノベルス	70
/home/pi/Music/CD/UNISON/UNISON SQUARE GARDEN - Dr.Izzy/11 - mix juiceのいうとおり.flac	 UNISON SQUARE GARDEN	 Dr.Izzy	 mix juiceのいうとおり	70
/home/pi/Music/CD/UNISON/UNISON SQUARE GARDEN - Dr.Izzy/12 - Cheap Cheap Endroll.flac	 UNISON SQUARE GARDEN	 Dr.Izzy	 Cheap Cheap Endroll	70
/home/pi/Music/CD/UNISON/UYIBFK~Z/01 - メッセンジャーフロム全世界.flac	 UNISON SQUARE GARDEN	 JET CO.	 メッセンジャーフロム全世界	70
/home/pi/Music/CD/UNISON/UYIBFK~Z/02 - コーヒーカップシンドローム.flac	 UNISON SQUARE GARDEN	 JET CO.	 コーヒーカップシンドローム	70
/home/pi/Music/CD/UNISON/UYIBFK~Z/03 - チャイルドフッド・スーパーノヴァ.flac	 UNISON SQUARE GARDEN	 JET CO.	 チャイルドフッド・スーパーノヴァ	70
/home/pi/Music/CD/UNISON/UYIBFK~Z/04 - cody beats.flac	 UNISON SQUARE GARDEN	 JET CO.	 cody beats	70
/home/pi/Music/CD/UNISON/UYIBFK~Z/05 - 気まぐれ雑路.flac	 UNISON SQUARE GARDEN	 JET CO.	 気まぐれ雑路	70
/home/pi/Music/CD/UNISON/UYIBFK~Z/06 - キライ = キライ.flac	 UNISON SQUARE GARDEN	 JET CO.	 キライ = キライ	70
/home/pi/Music/CD/UNISON/UYIBFK~Z/07 - ライドオンタイム.flac	 UNISON SQUARE GARDEN	 JET CO.	 ライドオンタイム	70
/home/pi/Music/CD/UNISON/UYIBFK~Z/08 - meet the world time.flac	 UNISON SQUARE GARDEN	 JET CO.	 meet the world time	70
/home/pi/Music/CD/UNISON/UYIBFK~Z/09 - 夜が揺れている.flac	 UNISON SQUARE GARDEN	 JET CO.	 夜が揺れている	70
/home/pi/Music/CD/UNISON/UYIBFK~Z/10 - アイラブニージュー.flac	 UNISON SQUARE GARDEN	 JET CO.	 アイラブニージュー	70
/home/pi/Music/CD/UNISON/UYIBFK~Z/11 - スノウアンサー.flac	 UNISON SQUARE GARDEN	 JET CO.	 スノウアンサー	70
/home/pi/Music/CD/UNISON/UYIBFK~Z/12 - 23_25.flac	 UNISON SQUARE GARDEN	 JET CO.	25	70
/home/pi/Music/CD/UNISON/UNISON SQUARE GARDEN - LiveCD/01 - Track 1.flac	 UNISON SQUARE GARDEN	 LiveCD	-	70
/home/pi/Music/CD/UNISON/UNISON SQUARE GARDEN - LiveCD/02 - Track 2.flac	 UNISON SQUARE GARDEN	 LiveCD	-	70
/home/pi/Music/CD/UNISON/UNISON SQUARE GARDEN - LiveCD/03 - Track 3.flac	 UNISON SQUARE GARDEN	 LiveCD	-	70
/home/pi/Music/CD/UNISON/UNISON SQUARE GARDEN - LiveCD/04 - Track 4.flac	 UNISON SQUARE GARDEN	 LiveCD	-	70
/home/pi/Music/CD/UNISON/UNISON SQUARE GARDEN - LiveCD/05 - Track 5.flac	 UNISON SQUARE GARDEN	 LiveCD	-	70
/home/pi/Music/CD/UNISON/UNISON SQUARE GARDEN - LiveCD/06 - Track 6.flac	 UNISON SQUARE GARDEN	 LiveCD	-	70
/home/pi/Music/CD/UNISON/UNISON SQUARE GARDEN - LiveCD/07 - Track 7.flac	 UNISON SQUARE GARDEN	 LiveCD	-	70
/home/pi/Music/CD/UNISON/UNISON SQUARE GARDEN - LiveCD/08 - Track 8.flac	 UNISON SQUARE GARDEN	 LiveCD	-	70
/home/pi/Music/CD/UNISON/UNISON SQUARE GARDEN - LiveCD/09 - Track 9.flac	 UNISON SQUARE GARDEN	 LiveCD	-	70
/home/pi/Music/CD/UNISON/UNISON SQUARE GARDEN - LiveCD/10 - Track 10.flac	 UNISON SQUARE GARDEN	 LiveCD	-	70
/home/pi/Music/CD/UNISON/UNISON SQUARE GARDEN - LiveCD/11 - Track 11.flac	 UNISON SQUARE GARDEN	 LiveCD	-	70
/home/pi/Music/CD/UNISON/UNISON SQUARE GARDEN - MODE MOOD MODE/01 - Own Civilization (nano-mile met).flac	 UNISON SQUARE GARDEN	 MODE MOOD MODE	 Own Civilization (nano-mile met)	70
/home/pi/Music/CD/UNISON/UNISON SQUARE GARDEN - MODE MOOD MODE/02 - Dizzy Trickster.flac	 UNISON SQUARE GARDEN	 MODE MOOD MODE	 Dizzy Trickster	70
/home/pi/Music/CD/UNISON/UNISON SQUARE GARDEN - MODE MOOD MODE/03 - オーケストラを観にいこう.flac	 UNISON SQUARE GARDEN	 MODE MOOD MODE	 オーケストラを観にいこう	70
/home/pi/Music/CD/UNISON/UNISON SQUARE GARDEN - MODE MOOD MODE/04 - fake town baby.flac	 UNISON SQUARE GARDEN	 MODE MOOD MODE	 fake town baby	70
/home/pi/Music/CD/UNISON/UNISON SQUARE GARDEN - MODE MOOD MODE/05 - 静謐甘美秋暮抒情.flac	 UNISON SQUARE GARDEN	 MODE MOOD MODE	 静謐甘美秋暮抒情	70
/home/pi/Music/CD/UNISON/UNISON SQUARE GARDEN - MODE MOOD MODE/06 - Silent Libre Mirage.flac	 UNISON SQUARE GARDEN	 MODE MOOD MODE	 Silent Libre Mirage	70
/home/pi/Music/CD/UNISON/UNISON SQUARE GARDEN - MODE MOOD MODE/07 - MIDNIGHT JUNGLE.flac	 UNISON SQUARE GARDEN	 MODE MOOD MODE	 MIDNIGHT JUNGLE	70
/home/pi/Music/CD/UNISON/UNISON SQUARE GARDEN - MODE MOOD MODE/08 - フィクションフリーククライシス.flac	 UNISON SQUARE GARDEN	 MODE MOOD MODE	 フィクションフリーククライシス	70
/home/pi/Music/CD/UNISON/UNISON SQUARE GARDEN - MODE MOOD MODE/09 - Invisible Sensation.flac	 UNISON SQUARE GARDEN	 MODE MOOD MODE	 Invisible Sensation	70
/home/pi/Music/CD/UNISON/UNISON SQUARE GARDEN - MODE MOOD MODE/10 - 夢が覚めたら(at that river).flac	 UNISON SQUARE GARDEN	 MODE MOOD MODE	 夢が覚めたら(at that river)	70
/home/pi/Music/CD/UNISON/UNISON SQUARE GARDEN - MODE MOOD MODE/11 - 10% roll, 10% romance.flac	 UNISON SQUARE GARDEN	 MODE MOOD MODE	 10% roll, 10% romance	70
/home/pi/Music/CD/UNISON/UNISON SQUARE GARDEN - MODE MOOD MODE/12 - 君の瞳に恋してない.flac	 UNISON SQUARE GARDEN	 MODE MOOD MODE	 君の瞳に恋してない	70
/home/pi/Music/CD/UNISON/UNISON SQUARE GARDEN - Populus Populus/01 - 3 minutes replay.flac	 UNISON SQUARE GARDEN	 Populus Populus	 3 minutes replay	70
/home/pi/Music/CD/UNISON/UNISON SQUARE GARDEN - Populus Populus/02 - kid, I like quartet.flac	 UNISON SQUARE GARDEN	 Populus Populus	 kid, I like quartet	70
/home/pi/Music/CD/UNISON/UNISON SQUARE GARDEN - Populus Populus/03 - プロトラクト・カウントダウン.flac	 UNISON SQUARE GARDEN	 Populus Populus	 プロトラクト・カウントダウン	70
/home/pi/Music/CD/UNISON/UNISON SQUARE GARDEN - Populus Populus/04 - きみのもとへ.flac	 UNISON SQUARE GARDEN	 Populus Populus	 きみのもとへ	70
/home/pi/Music/CD/UNISON/UNISON SQUARE GARDEN - Populus Populus/05 - 僕らのその先.flac	 UNISON SQUARE GARDEN	 Populus Populus	 僕らのその先	70
/home/pi/Music/CD/UNISON/UNISON SQUARE GARDEN - Populus Populus/06 - スカースデイル.flac	 UNISON SQUARE GARDEN	 Populus Populus	 スカースデイル	70
/home/pi/Music/CD/UNISON/UNISON SQUARE GARDEN - Populus Populus/07 - ワールドワイド・スーパーガール.flac	 UNISON SQUARE GARDEN	 Populus Populus	 ワールドワイド・スーパーガール	70
/home/pi/Music/CD/UNISON/UNISON SQUARE GARDEN - Populus Populus/08 - CAPACITY超える.flac	 UNISON SQUARE GARDEN	 Populus Populus	 CAPACITY超える	70
/home/pi/Music/CD/UNISON/UNISON SQUARE GARDEN - Populus Populus/09 - 場違いハミングバード.flac	 UNISON SQUARE GARDEN	 Populus Populus	 場違いハミングバード	70
/home/pi/Music/CD/UNISON/UNISON SQUARE GARDEN - Populus Populus/10 - カウンターアイデンティティ.flac	 UNISON SQUARE GARDEN	 Populus Populus	 カウンターアイデンティティ	70
/home/pi/Music/CD/UNISON/UNISON SQUARE GARDEN - Populus Populus/11 - 未完成デイジー.flac	 UNISON SQUARE GARDEN	 Populus Populus	 未完成デイジー	70
/home/pi/Music/CD/UNISON/UNISON SQUARE GARDEN - Populus Populus/12 - オリオンをなぞる.flac	 UNISON SQUARE GARDEN	 Populus Populus	 オリオンをなぞる	70
/home/pi/Music/CD/UNISON/UNISON SQUARE GARDEN - Populus Populus/13 - シュプレヒコール〜世界が終わる前に〜.flac	 UNISON SQUARE GARDEN	 Populus Populus	 シュプレヒコール〜世界が終わる前に〜	70
/home/pi/Music/CD/UNISON/UNISON SQUARE GARDEN - UNISON SQUARE GARDEN/01 - カラクリカルカレ.flac	 UNISON SQUARE GARDEN	 UNISON SQUARE GARDEN	 カラクリカルカレ	70
/home/pi/Music/CD/UNISON/UNISON SQUARE GARDEN - UNISON SQUARE GARDEN/02 - センチメンタルピリオド.flac	 UNISON SQUARE GARDEN	 UNISON SQUARE GARDEN	 センチメンタルピリオド	70
/home/pi/Music/CD/UNISON/UNISON SQUARE GARDEN - UNISON SQUARE GARDEN/03 - サンポサキマイライフ.flac	 UNISON SQUARE GARDEN	 UNISON SQUARE GARDEN	 サンポサキマイライフ	70
/home/pi/Music/CD/UNISON/UNISON SQUARE GARDEN - UNISON SQUARE GARDEN/04 - デイライ協奏楽団.flac	 UNISON SQUARE GARDEN	 UNISON SQUARE GARDEN	 デイライ協奏楽団	70
/home/pi/Music/CD/UNISON/UNISON SQUARE GARDEN - UNISON SQUARE GARDEN/05 - 等身大の地球.flac	 UNISON SQUARE GARDEN	 UNISON SQUARE GARDEN	 等身大の地球	70
/home/pi/Music/CD/UNISON/UNISON SQUARE GARDEN - UNISON SQUARE GARDEN/06 - MR. アンディ -party style-.flac	 UNISON SQUARE GARDEN	 UNISON SQUARE GARDEN	 MR. アンディ -party style-	70
/home/pi/Music/CD/UNISON/UNISON SQUARE GARDEN - UNISON SQUARE GARDEN/07 - WINDOW開ける.flac	 UNISON SQUARE GARDEN	 UNISON SQUARE GARDEN	 WINDOW開ける	70
/home/pi/Music/CD/UNISON/UNISON SQUARE GARDEN - UNISON SQUARE GARDEN/08 - マスターボリューム.flac	 UNISON SQUARE GARDEN	 UNISON SQUARE GARDEN	 マスターボリューム	70
/home/pi/Music/CD/UNISON/UNISON SQUARE GARDEN - UNISON SQUARE GARDEN/09 - いつかの少年.flac	 UNISON SQUARE GARDEN	 UNISON SQUARE GARDEN	 いつかの少年	70
/home/pi/Music/CD/UNISON/UNISON SQUARE GARDEN - UNISON SQUARE GARDEN/10 - 箱庭ロック・ショー.flac	 UNISON SQUARE GARDEN	 UNISON SQUARE GARDEN	 箱庭ロック・ショー	70
/home/pi/Music/CD/UNISON/UNISON SQUARE GARDEN - UNISON SQUARE GARDEN/11 - クローバー.flac	 UNISON SQUARE GARDEN	 UNISON SQUARE GARDEN	 クローバー	70
/home/pi/Music/CD/UNISON/UNISON SQUARE GARDEN - cody beats/01 - cody beats.flac	 UNISON SQUARE GARDEN	 cody beats	 cody beats	70
/home/pi/Music/CD/UNISON/UNISON SQUARE GARDEN - cody beats/02 - ギャクテンサヨナラ.flac	 UNISON SQUARE GARDEN	 cody beats	 ギャクテンサヨナラ	70
/home/pi/Music/CD/UNISON/UNISON SQUARE GARDEN - cody beats/03 - 空の飛び方.flac	 UNISON SQUARE GARDEN	 cody beats	 空の飛び方	70
/home/pi/Music/CD/UNISON/UNISON SQUARE GARDEN - fake town baby/01 - fake town baby.flac	 UNISON SQUARE GARDEN	 fake town baby	 fake town baby	70
/home/pi/Music/CD/UNISON/UNISON SQUARE GARDEN - fake town baby/02 - リトルタイムストップ.flac	 UNISON SQUARE GARDEN	 fake town baby	 リトルタイムストップ	70
/home/pi/Music/CD/UNISON/UNISON SQUARE GARDEN - fake town baby/03 - きみはいい子.flac	 UNISON SQUARE GARDEN	 fake town baby	 きみはいい子	70
/home/pi/Music/CD/UNISON/UNISON SQUARE GARDEN - harmonized finale (disc 1)/01 - harmonized finale.flac	 UNISON SQUARE GARDEN	 harmonized finale (disc 1)	 harmonized finale	70
/home/pi/Music/CD/UNISON/UNISON SQUARE GARDEN - harmonized finale (disc 1)/02 - ピストルギャラクシー.flac	 UNISON SQUARE GARDEN	 harmonized finale (disc 1)	 ピストルギャラクシー	70
/home/pi/Music/CD/UNISON/UNISON SQUARE GARDEN - harmonized finale (disc 1)/03 - 三月物語.flac	 UNISON SQUARE GARDEN	 harmonized finale (disc 1)	 三月物語	70
/home/pi/Music/CD/UNISON/UNISON SQUARE GARDEN - harmonized finale (disc 1)/04 - I wanna believe、夜を行く.flac	 UNISON SQUARE GARDEN	 harmonized finale (disc 1)	 I wanna believe、夜を行く	70
/home/pi/Music/CD/UNISON/UNISON SQUARE GARDEN - オリオンをなぞる/01 - オリオンをなぞる.flac	 UNISON SQUARE GARDEN	 オリオンをなぞる	 オリオンをなぞる	70
/home/pi/Music/CD/UNISON/UNISON SQUARE GARDEN - オリオンをなぞる/02 - 僕は君になりたい.flac	 UNISON SQUARE GARDEN	 オリオンをなぞる	 僕は君になりたい	70
/home/pi/Music/CD/UNISON/UNISON SQUARE GARDEN - オリオンをなぞる/03 - UNOストーリー.flac	 UNISON SQUARE GARDEN	 オリオンをなぞる	 UNOストーリー	70
/home/pi/Music/CD/UNISON/UNISON SQUARE GARDEN - オリオンをなぞる/04 - over driver.flac	 UNISON SQUARE GARDEN	 オリオンをなぞる	 over driver	70
/home/pi/Music/CD/UNISON/UNISON SQUARE GARDEN - オリオンをなぞる/05 - カラクリカルカレ.flac	 UNISON SQUARE GARDEN	 オリオンをなぞる	 カラクリカルカレ	70
/home/pi/Music/CD/UNISON/UNISON SQUARE GARDEN - オリオンをなぞる/06 - 23_25.flac	 UNISON SQUARE GARDEN	 オリオンをなぞる	25	70
/home/pi/Music/CD/UNISON/UNISON SQUARE GARDEN - オリオンをなぞる/07 - ガリレオのショーケース.flac	 UNISON SQUARE GARDEN	 オリオンをなぞる	 ガリレオのショーケース	70
/home/pi/Music/CD/UNISON/UNISON SQUARE GARDEN - シュガーソングとビターステップ/01 - シュガーソングとビターステップ.flac	 UNISON SQUARE GARDEN	 シュガーソングとビターステップ	 シュガーソングとビターステップ	70
/home/pi/Music/CD/UNISON/UNISON SQUARE GARDEN - シュガーソングとビターステップ/02 - シグナルABC.flac	 UNISON SQUARE GARDEN	 シュガーソングとビターステップ	 シグナルABC	70
/home/pi/Music/CD/UNISON/UNISON SQUARE GARDEN - シュガーソングとビターステップ/03 - 東京シナリオ.flac	 UNISON SQUARE GARDEN	 シュガーソングとビターステップ	 東京シナリオ	70
/home/pi/Music/CD/UNISON/UNISON SQUARE GARDEN - センチメンタルピリオド/01 - センチメンタルピリオド.flac	 UNISON SQUARE GARDEN	 センチメンタルピリオド	 センチメンタルピリオド	70
/home/pi/Music/CD/UNISON/UNISON SQUARE GARDEN - センチメンタルピリオド/02 - 5分後のスターダスト.flac	 UNISON SQUARE GARDEN	 センチメンタルピリオド	 5分後のスターダスト	70
/home/pi/Music/CD/UNISON/UNISON SQUARE GARDEN - センチメンタルピリオド/03 - ガリレオのショーケース.flac	 UNISON SQUARE GARDEN	 センチメンタルピリオド	 ガリレオのショーケース	70
/home/pi/Music/CD/UNISON/UNISON SQUARE GARDEN - マスターボリューム/01 - マスターボリューム.flac	 UNISON SQUARE GARDEN	 マスターボリューム	 マスターボリューム	70
/home/pi/Music/CD/UNISON/UNISON SQUARE GARDEN - マスターボリューム/02 - 一人思うは雨の中.flac	 UNISON SQUARE GARDEN	 マスターボリューム	 一人思うは雨の中	70
/home/pi/Music/CD/UNISON/UNISON SQUARE GARDEN - マスターボリューム/03 - スノウリバース.flac	 UNISON SQUARE GARDEN	 マスターボリューム	 スノウリバース	70
/home/pi/Music/CD/UNISON/UNISON SQUARE GARDEN - リニアブルーを聴きながら/01 - リニアブルーを聴きながら.flac	 UNISON SQUARE GARDEN	 リニアブルーを聴きながら	 リニアブルーを聴きながら	70
/home/pi/Music/CD/UNISON/UNISON SQUARE GARDEN - リニアブルーを聴きながら/02 - さわれない歌.flac	 UNISON SQUARE GARDEN	 リニアブルーを聴きながら	 さわれない歌	70
/home/pi/Music/CD/UNISON/UNISON SQUARE GARDEN - リニアブルーを聴きながら/03 - 三日月の夜の真ん中.flac	 UNISON SQUARE GARDEN	 リニアブルーを聴きながら	 三日月の夜の真ん中	70
/home/pi/Music/CD/UNISON/UNISON SQUARE GARDEN - リニアブルーを聴きながら/04 - ラブソングは突然に 〜What is the name of that mystery？〜.flac	 UNISON SQUARE GARDEN	 リニアブルーを聴きながら	 ラブソングは突然に 〜What is the name of that mystery？〜	70
/home/pi/Music/CD/UNISON/UNISON SQUARE GARDEN - 桜のあと (all quartets lead to the_) (disc 1)/01 - 桜のあと (all quartets lead to the_).flac	 UNISON SQUARE GARDEN	 桜のあと (all quartets lead to the?) (disc 1)	 桜のあと (all quartets lead to the?)	70
/home/pi/Music/CD/UNISON/UNISON SQUARE GARDEN - 桜のあと (all quartets lead to the_) (disc 1)/02 - ノンフィクションコンパス.flac	 UNISON SQUARE GARDEN	 桜のあと (all quartets lead to the?) (disc 1)	 ノンフィクションコンパス	70
/home/pi/Music/CD/UNISON/UNISON SQUARE GARDEN - 桜のあと (all quartets lead to the_) (disc 1)/03 - セク×カラ×シソンズール.flac	 UNISON SQUARE GARDEN	 桜のあと (all quartets lead to the?) (disc 1)	 セク×カラ×シソンズール	70
/home/pi/Music/CD/UNISON/UNISON SQUARE GARDEN - 春が来てぼくら/01 - 春が来てぼくら.flac	 UNISON SQUARE GARDEN	 春が来てぼくら	 春が来てぼくら	70
/home/pi/Music/CD/UNISON/UNISON SQUARE GARDEN - 春が来てぼくら/02 - ラディアルナイトチェイサー.flac	 UNISON SQUARE GARDEN	 春が来てぼくら	 ラディアルナイトチェイサー	70
/home/pi/Music/CD/UNISON/UNISON SQUARE GARDEN - 春が来てぼくら/03 - Micro Paradiso!.flac	 UNISON SQUARE GARDEN	 春が来てぼくら	 Micro Paradiso!	70
/home/pi/Music/CD/UNISON/UNISON - 新世界ノート/01 - UNISON SQUARE GARDEN - アナザーワールド.flac	 UNISON SQUARE GARDEN	 新世界ノート	 アナザーワールド	70
/home/pi/Music/CD/UNISON/UNISON - 新世界ノート/02 - UNISON SQUARE GARDEN - センチメンタルピリオド.flac	 UNISON SQUARE GARDEN	 新世界ノート	 センチメンタルピリオド	70
/home/pi/Music/CD/UNISON/UNISON - 新世界ノート/03 - UNISON SQUARE GARDEN - さよなら第九惑星.flac	 UNISON SQUARE GARDEN	 新世界ノート	 さよなら第九惑星	70
/home/pi/Music/CD/UNISON/UNISON - 新世界ノート/04 - UNISON SQUARE GARDEN - サーチライト.flac	 UNISON SQUARE GARDEN	 新世界ノート	 サーチライト	70
/home/pi/Music/CD/UNISON/UNISON - 新世界ノート/05 - UNISON SQUARE GARDEN - ライトフライト.flac	 UNISON SQUARE GARDEN	 新世界ノート	 ライトフライト	70
/home/pi/Music/CD/UNISON/UNISON - 新世界ノート/06 - UNISON SQUARE GARDEN - 箱庭ロック・ショー.flac	 UNISON SQUARE GARDEN	 新世界ノート	 箱庭ロック・ショー	70
/home/pi/Music/CD/UNISON/UNISON SQUARE GARDEN - 流星前夜/01 - 流星前夜.flac	 UNISON SQUARE GARDEN	 流星前夜	 流星前夜	70
/home/pi/Music/CD/UNISON/UNISON SQUARE GARDEN - 流星前夜/02 - フルカラープログラム.flac	 UNISON SQUARE GARDEN	 流星前夜	 フルカラープログラム	70
/home/pi/Music/CD/UNISON/UNISON SQUARE GARDEN - 流星前夜/03 - 水と雨について.flac	 UNISON SQUARE GARDEN	 流星前夜	 水と雨について	70
/home/pi/Music/CD/UNISON/UNISON SQUARE GARDEN - 流星前夜/04 - 2月、白昼の流れ星と飛行機雲.flac	 UNISON SQUARE GARDEN	 流星前夜	 2月、白昼の流れ星と飛行機雲	70
/home/pi/Music/CD/UNISON/UNISON SQUARE GARDEN - 流星前夜/05 - MR.アンディ.flac	 UNISON SQUARE GARDEN	 流星前夜	 MR.アンディ	70
/home/pi/Music/CD/UNISON/UNISON SQUARE GARDEN - 流星前夜/06 - 流星行路.flac	 UNISON SQUARE GARDEN	 流星前夜	 流星行路	70
/home/pi/Music/CD/UNISON/UNISON SQUARE GARDEN - 『ボールルームへようこそ』OP_Invisible Sensation/01 - Invisible Sensation.flac	 UNISON SQUARE GARDEN	Invisible Sensation	 Invisible Sensation	70
/home/pi/Music/CD/UNISON/UNISON SQUARE GARDEN - 『ボールルームへようこそ』OP_Invisible Sensation/02 - スノウループ.flac	 UNISON SQUARE GARDEN	Invisible Sensation	 スノウループ	70
/home/pi/Music/CD/UNISON/UNISON SQUARE GARDEN - 『ボールルームへようこそ』OP_Invisible Sensation/03 - サンタクロースは渋滞中.flac	 UNISON SQUARE GARDEN	Invisible Sensation	 サンタクロースは渋滞中	70
/home/pi/Music/Hireso/YMO/0012649627.flac	 YELLOW MAGIC ORCHESTRA	 ソリッド・ステイト・サヴァイヴァー(2018 Bob Ludwig Remastering)	 TECHNOPOLIS(2018 Bob Ludwig Remastering)	70
/home/pi/Music/Hireso/YMO/0012649628.flac	 YELLOW MAGIC ORCHESTRA	 ソリッド・ステイト・サヴァイヴァー(2018 Bob Ludwig Remastering)	 ABSOLUTE EGO DANCE(2018 Bob Ludwig Remastering)	70
/home/pi/Music/Hireso/YMO/0012649629.flac	 YELLOW MAGIC ORCHESTRA	 ソリッド・ステイト・サヴァイヴァー(2018 Bob Ludwig Remastering)	 RYDEEN(2018 Bob Ludwig Remastering)	70
/home/pi/Music/Hireso/YMO/0012649630.flac	 YELLOW MAGIC ORCHESTRA	 ソリッド・ステイト・サヴァイヴァー(2018 Bob Ludwig Remastering)	 CASTALIA(2018 Bob Ludwig Remastering)	70
/home/pi/Music/Hireso/YMO/0012649631.flac	 YELLOW MAGIC ORCHESTRA	 ソリッド・ステイト・サヴァイヴァー(2018 Bob Ludwig Remastering)	 BEHIND THE MASK(2018 Bob Ludwig Remastering)	70
/home/pi/Music/Hireso/YMO/0012649632.flac	 YELLOW MAGIC ORCHESTRA	 ソリッド・ステイト・サヴァイヴァー(2018 Bob Ludwig Remastering)	 DAY TRIPPER(2018 Bob Ludwig Remastering)	70
/home/pi/Music/Hireso/YMO/0012649634.flac	 YELLOW MAGIC ORCHESTRA	 ソリッド・ステイト・サヴァイヴァー(2018 Bob Ludwig Remastering)	 SOLID STATE SURVIVOR(2018 Bob Ludwig Remastering)	70
/home/pi/Music/Hireso/Iruka/record384/iruka_FollowMe_1.flac	 iruka	 FollowMe	 Side A	100
/home/pi/Music/Hireso/Iruka/record384/iruka_FollowMe_2.flac	 iruka	 FollowMe	 Side B	100
/home/pi/Music/Hireso/Iruka/record384/iruka_我が心の友へ_1.flac	 iruka	 我が心の友へ	 我が心の友へ Side A	100
/home/pi/Music/Hireso/Iruka/record384/iruka_我が心の友へ_2.flac	 iruka	 我が心の友へ	 我が心の友へ Side B	100
/home/pi/Music/Hireso/1-0003019287.flac	 macaroom	 you (mora ver.)	 you (mora ver.)	70
/home/pi/Music/Hireso/sada/帰去来/0008211007.4608.flac	 さだまさし	 帰去来(2016リマスター)	 多情仏心(オーヴァチュア)	70
/home/pi/Music/Hireso/sada/帰去来/0008211008.4608.flac	 さだまさし	 帰去来(2016リマスター)	 線香花火	70
/home/pi/Music/Hireso/sada/帰去来/0008211009.4608.flac	 さだまさし	 帰去来(2016リマスター)	 異邦人	70
/home/pi/Music/Hireso/sada/帰去来/0008211010.4608.flac	 さだまさし	 帰去来(2016リマスター)	 冗句	70
/home/pi/Music/Hireso/sada/帰去来/0008211011.4608.flac	 さだまさし	 帰去来(2016リマスター)	 第三病棟	70
/home/pi/Music/Hireso/sada/帰去来/0008211012.4608.flac	 さだまさし	 帰去来(2016リマスター)	 夕凪	70
/home/pi/Music/Hireso/sada/帰去来/0008211013.4608.flac	 さだまさし	 帰去来(2016リマスター)	 童話作家	70
/home/pi/Music/Hireso/sada/帰去来/0008211014.4608.flac	 さだまさし	 帰去来(2016リマスター)	 転宅	70
/home/pi/Music/Hireso/sada/帰去来/0008211015.4608.flac	 さだまさし	 帰去来(2016リマスター)	 絵はがき坂	70
/home/pi/Music/Hireso/sada/帰去来/0008211016.4608.flac	 さだまさし	 帰去来(2016リマスター)	 指定券	70
/home/pi/Music/Hireso/sada/帰去来/0008211017.4608.flac	 さだまさし	 帰去来(2016リマスター)	 胡桃の日	70
/home/pi/Music/Hireso/sada/帰去来/0008211018.4608.flac	 さだまさし	 帰去来(2016リマスター)	 多情仏心(エンディング)	70
/home/pi/Music/Hireso/sada/アンソロジィ/0008211032.4608.flac	 さだまさし	 私花集<アンソロジィ> (2016リマスター)	 最后の頁(ページ)	70
/home/pi/Music/Hireso/sada/アンソロジィ/0008211033.4608.flac	 さだまさし	 私花集<アンソロジィ> (2016リマスター)	 SUNDAY PARK	70
/home/pi/Music/Hireso/sada/アンソロジィ/0008211034.4608.flac	 さだまさし	 私花集<アンソロジィ> (2016リマスター)	 檸檬<れもん>	70
/home/pi/Music/Hireso/sada/アンソロジィ/0008211035.4608.flac	 さだまさし	 私花集<アンソロジィ> (2016リマスター)	 魔法使いの弟子	70
/home/pi/Music/Hireso/sada/アンソロジィ/0008211036.4608.flac	 さだまさし	 私花集<アンソロジィ> (2016リマスター)	 フェリー埠頭	70
/home/pi/Music/Hireso/sada/アンソロジィ/0008211037.4608.flac	 さだまさし	 私花集<アンソロジィ> (2016リマスター)	 天文学者になればよかった	70
/home/pi/Music/Hireso/sada/アンソロジィ/0008211038.4608.flac	 さだまさし	 私花集<アンソロジィ> (2016リマスター)	 案山子<かかし>	70
/home/pi/Music/Hireso/sada/アンソロジィ/0008211039.4608.flac	 さだまさし	 私花集<アンソロジィ> (2016リマスター)	 秋桜<コスモス>	70
/home/pi/Music/Hireso/sada/アンソロジィ/0008211040.4608.flac	 さだまさし	 私花集<アンソロジィ> (2016リマスター)	 加速度	70
/home/pi/Music/Hireso/sada/アンソロジィ/0008211041.4608.flac	 さだまさし	 私花集<アンソロジィ> (2016リマスター)	 主人公	70
/home/pi/Music/Hireso/sada/アンソロジィ/0008211043.4608.flac	 さだまさし	 私花集<アンソロジィ> (2016リマスター)	 加速度 (シングル・ヴァージョン)	70
/home/pi/Music/Hireso/sada/風見鶏/0008211020.4608.flac	 さだまさし	 風見鶏 (2016リマスター)	 最終案内	70
/home/pi/Music/Hireso/sada/風見鶏/0008211021.4608.flac	 さだまさし	 風見鶏 (2016リマスター)	 つゆのあとさき	70
/home/pi/Music/Hireso/sada/風見鶏/0008211022.4608.flac	 さだまさし	 風見鶏 (2016リマスター)	 飛梅<とびうめ>	70
/home/pi/Music/Hireso/sada/風見鶏/0008211023.4608.flac	 さだまさし	 風見鶏 (2016リマスター)	 きみのふるさと	70
/home/pi/Music/Hireso/sada/風見鶏/0008211024.4608.flac	 さだまさし	 風見鶏 (2016リマスター)	 思い出はゆりかご	70
/home/pi/Music/Hireso/sada/風見鶏/0008211025.4608.flac	 さだまさし	 風見鶏 (2016リマスター)	 セロ弾きのゴーシュ	70
/home/pi/Music/Hireso/sada/風見鶏/0008211026.4608.flac	 さだまさし	 風見鶏 (2016リマスター)	 もうひとつの雨やどり	70
/home/pi/Music/Hireso/sada/風見鶏/0008211027.4608.flac	 さだまさし	 風見鶏 (2016リマスター)	 吸殻の風景	70
/home/pi/Music/Hireso/sada/風見鶏/0008211028.4608.flac	 さだまさし	 風見鶏 (2016リマスター)	 桃花源	70
/home/pi/Music/Hireso/sada/風見鶏/0008211029.4608.flac	 さだまさし	 風見鶏 (2016リマスター)	 晩鐘	70
/home/pi/Music/Hireso/sada/風見鶏/0008211030.4608.flac	 さだまさし	 風見鶏 (2016リマスター)	 雨やどり	70
/home/pi/Music/Hireso/オフコース/best/1-0005891681.flac	 オフコース	 OFF COURSE BEST "ever" EMI Years	 水曜日の午後	70
/home/pi/Music/Hireso/オフコース/best/2-0005891682.flac	 オフコース	 OFF COURSE BEST "ever" EMI Years	 でももう花はいらない	70
/home/pi/Music/Hireso/オフコース/best/3-0005891683.flac	 オフコース	 OFF COURSE BEST "ever" EMI Years	 眠れぬ夜	70
/home/pi/Music/Hireso/オフコース/best/4-0005891684.flac	 オフコース	 OFF COURSE BEST "ever" EMI Years	 雨の降る日に	70
/home/pi/Music/Hireso/オフコース/best/5-0005891685.flac	 オフコース	 OFF COURSE BEST "ever" EMI Years	 愛の唄	70
/home/pi/Music/Hireso/オフコース/best/6-0005891686.flac	 オフコース	 OFF COURSE BEST "ever" EMI Years	 秋の気配	70
/home/pi/Music/Hireso/オフコース/best/7-0005891687.flac	 オフコース	 OFF COURSE BEST "ever" EMI Years	 夏の終り	70
/home/pi/Music/Hireso/オフコース/best/8-0005891688.flac	 オフコース	 OFF COURSE BEST "ever" EMI Years	 愛を止めないで	70
/home/pi/Music/Hireso/オフコース/best/9-0005891689.flac	 オフコース	 OFF COURSE BEST "ever" EMI Years	 思いのままに	70
/home/pi/Music/Hireso/オフコース/best/10-0005891690.flac	 オフコース	 OFF COURSE BEST "ever" EMI Years	 生まれ来る子供たちのために	70
/home/pi/Music/Hireso/オフコース/best/11-0005891691.flac	 オフコース	 OFF COURSE BEST "ever" EMI Years	 さよなら	70
/home/pi/Music/Hireso/オフコース/best/12-0005891692.flac	 オフコース	 OFF COURSE BEST "ever" EMI Years	 Yes-No	70
/home/pi/Music/Hireso/オフコース/best/13-0005891693.flac	 オフコース	 OFF COURSE BEST "ever" EMI Years	 時に愛は	70
/home/pi/Music/Hireso/オフコース/best/14-0005891694.flac	 オフコース	 OFF COURSE BEST "ever" EMI Years	 一億の夜を越えて	70
/home/pi/Music/Hireso/オフコース/best/15-0005891695.flac	 オフコース	 OFF COURSE BEST "ever" EMI Years	 きかせて	70
/home/pi/Music/Hireso/オフコース/best/16-0005891696.flac	 オフコース	 OFF COURSE BEST "ever" EMI Years	 I LOVE YOU	70
/home/pi/Music/Hireso/オフコース/best/17-0005891697.flac	 オフコース	 OFF COURSE BEST "ever" EMI Years	 愛の中へ	70
/home/pi/Music/Hireso/オフコース/best/18-0005891698.flac	 オフコース	 OFF COURSE BEST "ever" EMI Years	 哀しいくらい	70
/home/pi/Music/Hireso/オフコース/best/19-0005891699.flac	 オフコース	 OFF COURSE BEST "ever" EMI Years	 言葉にできない	70
/home/pi/Music/Hireso/オフコース/best/20-0005891700.flac	 オフコース	 OFF COURSE BEST "ever" EMI Years	 YES-YES-YES	70
/home/pi/Music/Hireso/オフコース/僕の贈り物/1-0005283673.flac	 オフコース	 オフ・コース1 / 僕の贈りもの	 僕の贈りもの	70
/home/pi/Music/Hireso/オフコース/僕の贈り物/2-0005283674.flac	 オフコース	 オフ・コース1 / 僕の贈りもの	 よみがえるひととき	70
/home/pi/Music/Hireso/オフコース/僕の贈り物/3-0005283675.flac	 オフコース	 オフ・コース1 / 僕の贈りもの	 彼のほほえみ	70
/home/pi/Music/Hireso/オフコース/僕の贈り物/4-0005283676.flac	 オフコース	 オフ・コース1 / 僕の贈りもの	 水曜日の午後	70
/home/pi/Music/Hireso/オフコース/僕の贈り物/5-0005283677.flac	 オフコース	 オフ・コース1 / 僕の贈りもの	 地球は狭くなりました	70
/home/pi/Music/Hireso/オフコース/僕の贈り物/6-0005283678.flac	 オフコース	 オフ・コース1 / 僕の贈りもの	 でももう花はいらない	70
/home/pi/Music/Hireso/オフコース/僕の贈り物/7-0005283679.flac	 オフコース	 オフ・コース1 / 僕の贈りもの	 歩こう	70
/home/pi/Music/Hireso/オフコース/僕の贈り物/8-0005283680.flac	 オフコース	 オフ・コース1 / 僕の贈りもの	 ほんの少しの間だけ	70
/home/pi/Music/Hireso/オフコース/僕の贈り物/9-0005283681.flac	 オフコース	 オフ・コース1 / 僕の贈りもの	 貼り忘れた写真	70
/home/pi/Music/Hireso/オフコース/僕の贈り物/10-0005283682.flac	 オフコース	 オフ・コース1 / 僕の贈りもの	 静かな昼下がり	70
/home/pi/Music/Hireso/オフコース/僕の贈り物/11-0005283683.flac	 オフコース	 オフ・コース1 / 僕の贈りもの	 さわやかな朝をむかえるために	70
/home/pi/Music/Hireso/オフコース/ワインの匂い/0005347132.flac	 オフコース	 ワインの匂い	 雨の降る日に	70
/home/pi/Music/Hireso/オフコース/ワインの匂い/0005347133.flac	 オフコース	 ワインの匂い	 昨日への手紙	70
/home/pi/Music/Hireso/オフコース/ワインの匂い/0005347134.flac	 オフコース	 ワインの匂い	 眠れぬ夜	70
/home/pi/Music/Hireso/オフコース/ワインの匂い/0005347135.flac	 オフコース	 ワインの匂い	 倖せなんて	70
/home/pi/Music/Hireso/オフコース/ワインの匂い/0005347136.flac	 オフコース	 ワインの匂い	 ワインの匂い	70
/home/pi/Music/Hireso/オフコース/ワインの匂い/0005347137.flac	 オフコース	 ワインの匂い	 あれから君は	70
/home/pi/Music/Hireso/オフコース/ワインの匂い/0005347138.flac	 オフコース	 ワインの匂い	 憂き世に	70
/home/pi/Music/Hireso/オフコース/ワインの匂い/0005347139.flac	 オフコース	 ワインの匂い	 少年のように	70
/home/pi/Music/Hireso/オフコース/ワインの匂い/0005347140.flac	 オフコース	 ワインの匂い	 雨よ激しく	70
/home/pi/Music/Hireso/オフコース/ワインの匂い/0005347141.flac	 オフコース	 ワインの匂い	 愛の唄	70
/home/pi/Music/Hireso/オフコース/ワインの匂い/0005347142.flac	 オフコース	 ワインの匂い	 幻想	70
/home/pi/Music/Hireso/オフコース/ワインの匂い/0005347143.flac	 オフコース	 ワインの匂い	 老人のつぶやき	70
/home/pi/Music/Hireso/1-0004241237.flac	 ジャミーメロー	 me./白昼夢	 me.	70
/home/pi/Music/Hireso/リチャード・クレイダーマン/1-0007187140.flac	 リチャード・クレイダーマン(ピアノ)	 リチャード・クレイダーマン ◎ ハイレゾ・ベスト	 渚のアデリーヌ (Paul de Senneville)	70
/home/pi/Music/Hireso/リチャード・クレイダーマン/2-0007187141.flac	 リチャード・クレイダーマン(ピアノ)	 リチャード・クレイダーマン ◎ ハイレゾ・ベスト	 星空のピアニスト (P.de Senneville - O. Toussaint)	70
/home/pi/Music/Hireso/リチャード・クレイダーマン/3-0007187142.flac	 リチャード・クレイダーマン(ピアノ)	 リチャード・クレイダーマン ◎ ハイレゾ・ベスト	 恋はピンポン (O.Toussaint)	70
/home/pi/Music/Hireso/リチャード・クレイダーマン/4-0007187143.flac	 リチャード・クレイダーマン(ピアノ)	 リチャード・クレイダーマン ◎ ハイレゾ・ベスト	 想い出を売る店 (P. de Senneville - J. Baudlot - P. de Senneville)	70
/home/pi/Music/Hireso/リチャード・クレイダーマン/5-0007187144.flac	 リチャード・クレイダーマン(ピアノ)	 リチャード・クレイダーマン ◎ ハイレゾ・ベスト	 夢の中のウェディング (P. de Senneville - O. Toussaint)	70
/home/pi/Music/Hireso/リチャード・クレイダーマン/6-0007187145.flac	 リチャード・クレイダーマン(ピアノ)	 リチャード・クレイダーマン ◎ ハイレゾ・ベスト	 パンドラの旅 (O.Toussaint)	70
/home/pi/Music/Hireso/リチャード・クレイダーマン/7-0007187146.flac	 リチャード・クレイダーマン(ピアノ)	 リチャード・クレイダーマン ◎ ハイレゾ・ベスト	 ドランの微笑 (P.de Senneville - O. Toussaint)	70
/home/pi/Music/Hireso/リチャード・クレイダーマン/8-0007187147.flac	 リチャード・クレイダーマン(ピアノ)	 リチャード・クレイダーマン ◎ ハイレゾ・ベスト	 運命 '80 (Beethoven - Mozart - P. de Senneville - Slade - Arr. O.Toussaint - G. Salesses)	70
/home/pi/Music/Hireso/リチャード・クレイダーマン/9-0007187148.flac	 リチャード・クレイダーマン(ピアノ)	 リチャード・クレイダーマン ◎ ハイレゾ・ベスト	 リストの愛の夢 (Liszt - Arr. O.Toussaint - G. Salesses)	70
/home/pi/Music/Hireso/リチャード・クレイダーマン/10-0007187149.flac	 リチャード・クレイダーマン(ピアノ)	 リチャード・クレイダーマン ◎ ハイレゾ・ベスト	 ホフマンの舟歌 (Offenbach - Arr. O.Toussaint - G.Salesses)	70
/home/pi/Music/Hireso/リチャード・クレイダーマン/11-0007187150.flac	 リチャード・クレイダーマン(ピアノ)	 リチャード・クレイダーマン ◎ ハイレゾ・ベスト	 恋はみずいろ (A. Popp - P. Cour - B. Blackburn)	70
/home/pi/Music/Hireso/リチャード・クレイダーマン/12-0007187151.flac	 リチャード・クレイダーマン(ピアノ)	 リチャード・クレイダーマン ◎ ハイレゾ・ベスト	 ラヴ・ミー・テンダー (V. Matson)	70
/home/pi/Music/Hireso/リチャード・クレイダーマン/13-0007187152.flac	 リチャード・クレイダーマン(ピアノ)	 リチャード・クレイダーマン ◎ ハイレゾ・ベスト	 イエスタデイ (J.Lennon - P. McCartney)	70
/home/pi/Music/Hireso/リチャード・クレイダーマン/14-0007187153.flac	 リチャード・クレイダーマン(ピアノ)	 リチャード・クレイダーマン ◎ ハイレゾ・ベスト	 ミッシェル (J.Lennon - P. McCartney)	70
/home/pi/Music/Hireso/リチャード・クレイダーマン/15-0007187154.flac	 リチャード・クレイダーマン(ピアノ)	 リチャード・クレイダーマン ◎ ハイレゾ・ベスト	 慕情 (S.Fain - P.F. Webster)	70
/home/pi/Music/Hireso/リチャード・クレイダーマン/16-0007187155.flac	 リチャード・クレイダーマン(ピアノ)	 リチャード・クレイダーマン ◎ ハイレゾ・ベスト	 メモリー ～ミュージカル「キャッツ」より (A.L.Webber - T. Nunn - T.S. Eliot)	70
/home/pi/Music/Hireso/リチャード・クレイダーマン/17-0007187156.flac	 リチャード・クレイダーマン(ピアノ)	 リチャード・クレイダーマン ◎ ハイレゾ・ベスト	 ララのテーマ ～映画「ドクトル・ジバゴ」より (M. Jarre - P.F. Webster - H. Ithier)	70
/home/pi/Music/Hireso/OkamotoMayo/1-0005119184.flac	 岡本真夜	 RISE I	 TOMORROW	70
/home/pi/Music/Hireso/OkamotoMayo/2-0005119193.flac	 岡本真夜	 RISE I	 FOREVER	70
/home/pi/Music/Hireso/OkamotoMayo/3-0005119194.flac	 岡本真夜	 RISE I	 Alone	70
/home/pi/Music/Hireso/OkamotoMayo/4-0005119195.flac	 岡本真夜	 RISE I	 そのままの君でいて	70
/home/pi/Music/Hireso/OkamotoMayo/5-0005119196.flac	 岡本真夜	 RISE I	 泣けちゃうほど せつないけど	70
/home/pi/Music/Hireso/OkamotoMayo/6-0005119197.flac	 岡本真夜	 RISE I	 サヨナラ	70
/home/pi/Music/Hireso/OkamotoMayo/7-0005119198.flac	 岡本真夜	 RISE I	 大丈夫だよ	70
/home/pi/Music/Hireso/OkamotoMayo/8-0005119199.flac	 岡本真夜	 RISE I	 想い出にできなくて	70
/home/pi/Music/Hireso/OkamotoMayo/9-0005119200.flac	 岡本真夜	 RISE I	 Everlasting	70
/home/pi/Music/Hireso/OkamotoMayo/10-0005119201.flac	 岡本真夜	 RISE I	 宝物	70
/home/pi/Music/Hireso/OkamotoMayo/11-0005119202.flac	 岡本真夜	 RISE I	 この星空の彼方	70
/home/pi/Music/Hireso/OkamotoMayo/12-0005119203.flac	 岡本真夜	 RISE I	 大スキ！	70
/home/pi/Music/Hireso/OkamotoMayo/13-0005119204.flac	 岡本真夜	 RISE I	 Will ・・・	70
/home/pi/Music/Hireso/OkamotoMayo/14-0005119205.flac	 岡本真夜	 RISE I	 ANNIVERSARY	70
/home/pi/Music/Hireso/OkamotoMayo/15-0005119206.flac	 岡本真夜	 RISE I	 Alone～A．O．RVersion～	70
/home/pi/Music/Hireso/丸本莉子/1-0008244907.flac	 丸本 莉子	 誰にもわからない～何が幸せ？～	 誰にもわからない	70
/home/pi/Music/Hireso/丸本莉子/2-0008244908.flac	 丸本 莉子	 誰にもわからない～何が幸せ？～	 ガーベラの空	70
/home/pi/Music/Hireso/丸本莉子/3-0008244909.flac	 丸本 莉子	 誰にもわからない～何が幸せ？～	 糸	70
/home/pi/Music/Hireso/丸本莉子/4-0008244910.flac	 丸本 莉子	 誰にもわからない～何が幸せ？～	 トロイメライ～人魚の夢～	70
/home/pi/Music/Hireso/丸本莉子/5-0008244911.flac	 丸本 莉子	 誰にもわからない～何が幸せ？～	 ぷれぜんと	70
/home/pi/Music/Hireso/丸本莉子/6-0008244912.flac	 丸本 莉子	 誰にもわからない～何が幸せ？～	 たどりつく場所	70
/home/pi/Music/Hireso/丸本莉子/7-0008244913.flac	 丸本 莉子	 誰にもわからない～何が幸せ？～	 ご機嫌ベイベー★	70
/home/pi/Music/CD/ami_sakaguchi/坂口有望 - blue signs/01 - 空っぽの空が僕はきらいだ.flac	 坂口有望	 blue signs	 空っぽの空が僕はきらいだ	70
/home/pi/Music/CD/ami_sakaguchi/坂口有望 - blue signs/02 - おはなし.flac	 坂口有望	 blue signs	 おはなし	70
/home/pi/Music/CD/ami_sakaguchi/坂口有望 - blue signs/03 - お別れをする時は.flac	 坂口有望	 blue signs	 お別れをする時は	70
/home/pi/Music/CD/ami_sakaguchi/坂口有望 - blue signs/04 - 月には内緒で.flac	 坂口有望	 blue signs	 月には内緒で	70
/home/pi/Music/CD/ami_sakaguchi/坂口有望 - blue signs/05 - 厚底.flac	 坂口有望	 blue signs	 厚底	70
/home/pi/Music/CD/ami_sakaguchi/坂口有望 - blue signs/06 - １４才の唄-Album Ver.-.flac	 坂口有望	 blue signs	 １４才の唄-Album Ver.-	70
/home/pi/Music/CD/ami_sakaguchi/坂口有望 - blue signs/07 - 紺色の主張.flac	 坂口有望	 blue signs	 紺色の主張	70
/home/pi/Music/CD/ami_sakaguchi/坂口有望 - blue signs/08 - １５歳の詩.flac	 坂口有望	 blue signs	 １５歳の詩	70
/home/pi/Music/CD/ami_sakaguchi/坂口有望 - blue signs/09 - さよならロマン.flac	 坂口有望	 blue signs	 さよならロマン	70
/home/pi/Music/CD/ami_sakaguchi/坂口有望 - blue signs/10 - ばかやろう.flac	 坂口有望	 blue signs	 ばかやろう	70
/home/pi/Music/CD/ami_sakaguchi/坂口有望 - blue signs/11 - 革命を.flac	 坂口有望	 blue signs	 革命を	70
/home/pi/Music/CD/ami_sakaguchi/坂口有望 - blue signs/12 - 好-じょし-.flac	 坂口有望	 blue signs	 好-じょし-	70
/home/pi/Music/CD/ami_sakaguchi/坂口有望 - blue signs/13 - 地球-まる-.flac	 坂口有望	 blue signs	 地球-まる-	70
/home/pi/Music/CD/ami_sakaguchi/坂口有望 - blue signs/14 - １６さいのうた-Album Ver.-.flac	 坂口有望	 blue signs	 １６さいのうた-Album Ver.-	70
/home/pi/Music/CD/ami_sakaguchi/坂口有望 - 空っぽの空が僕はきらいだ/01 - 空っぽの空が僕はきらいだ.flac	 坂口有望	 空っぽの空が僕はきらいだ	 空っぽの空が僕はきらいだ	70
/home/pi/Music/CD/ami_sakaguchi/坂口有望 - 空っぽの空が僕はきらいだ/02 - ばかやろう.flac	 坂口有望	 空っぽの空が僕はきらいだ	 ばかやろう	70
/home/pi/Music/CD/ami_sakaguchi/坂口有望 - 空っぽの空が僕はきらいだ/03 - ガタゴト.flac	 坂口有望	 空っぽの空が僕はきらいだ	 ガタゴト	70
/home/pi/Music/CD/ami_sakaguchi/坂口有望 - 好-じょし-/01 - 好-じょし-.flac	 坂口有望	 好-じょし-	 好-じょし-	70
/home/pi/Music/CD/ami_sakaguchi/坂口有望 - 好-じょし-/02 - 紺色の主張.flac	 坂口有望	 好-じょし-	 紺色の主張	70
/home/pi/Music/CD/ami_sakaguchi/坂口有望 - 好-じょし-/03 - １６さいのうた-Studio Live Ver.-.flac	 坂口有望	 好-じょし-	 １６さいのうた-Studio Live Ver.-	70
/home/pi/Music/CD/ami_sakaguchi/坂口有望 - 放課後ジャーニー/01 - musicaian.flac	 坂口有望	 放課後ジャーニー	 musicaian	70
/home/pi/Music/CD/ami_sakaguchi/坂口有望 - 放課後ジャーニー/02 - 青春.flac	 坂口有望	 放課後ジャーニー	 青春	70
/home/pi/Music/CD/ami_sakaguchi/坂口有望 - 放課後ジャーニー/03 - 3341.flac	 坂口有望	 放課後ジャーニー	 3341	70
/home/pi/Music/CD/ami_sakaguchi/坂口有望 - 放課後ジャーニー/04 - fruits.flac	 坂口有望	 放課後ジャーニー	 fruits	70
/home/pi/Music/CD/ami_sakaguchi/坂口有望 - 放課後ジャーニー/05 - いつか.flac	 坂口有望	 放課後ジャーニー	 いつか	70
/home/pi/Music/m4a/星野源/0007889558.320.m4a	 星野 源	 恋	 恋	70
/home/pi/Music/m4a/星野源/0007889559.320.m4a	 星野 源	 恋	 Drinking Dance	70
/home/pi/Music/m4a/星野源/0007889560.320.m4a	 星野 源	 恋	 Continues	70
/home/pi/Music/m4a/星野源/0007889561.320.m4a	 星野 源	 恋	 雨音(House ver.)	70
/home/pi/Music/Hireso/1-0004017705.flac	 赤イ瞳	 エンドロール	 エンドロール	70
/home/pi/Music/m4a/OeSenri1234/1-0002417405.320.m4a	 大江 千里	 1 2 3 4	 GLORY DAYS	70
/home/pi/Music/m4a/OeSenri1234/2-0002417406.320.m4a	 大江 千里	 1 2 3 4	 平凡	70
/home/pi/Music/m4a/OeSenri1234/3-0002417407.320.m4a	 大江 千里	 1 2 3 4	 ROLLING BOYS IN TOWN	70
/home/pi/Music/m4a/OeSenri1234/4-0002417408.320.m4a	 大江 千里	 1 2 3 4	 Rain	70
/home/pi/Music/m4a/OeSenri1234/5-0002417409.320.m4a	 大江 千里	 1 2 3 4	 ハワイへ行きたい	70
/home/pi/Music/m4a/OeSenri1234/6-0002417410.320.m4a	 大江 千里	 1 2 3 4	 サヴォタージュ	70
/home/pi/Music/m4a/OeSenri1234/7-0002417411.320.m4a	 大江 千里	 1 2 3 4	 帰郷	70
/home/pi/Music/m4a/OeSenri1234/8-0002417412.320.m4a	 大江 千里	 1 2 3 4	 昼グリル	70
/home/pi/Music/m4a/OeSenri1234/9-0002417413.320.m4a	 大江 千里	 1 2 3 4	 消えゆく想い	70
/home/pi/Music/m4a/OeSenri1234/10-0002417414.320.m4a	 大江 千里	 1 2 3 4	 ジェシオ'S BAR	70
/home/pi/Music/Hireso/OotukaAi/1-0003043126.flac	 大塚 愛	 AIO PUNCH	 さくらんぼ―カクテル―	70
/home/pi/Music/Hireso/OotukaAi/2-0003043127.flac	 大塚 愛	 AIO PUNCH	 CHU-LIP―蜂蜜酒―	70
/home/pi/Music/Hireso/OotukaAi/3-0003043128.flac	 大塚 愛	 AIO PUNCH	 甘えんぼ―レモンティ―	70
/home/pi/Music/Hireso/OotukaAi/4-0003043129.flac	 大塚 愛	 AIO PUNCH	 羽ありたまご―エスプレッソ―	70
/home/pi/Music/Hireso/OotukaAi/5-0003043130.flac	 大塚 愛	 AIO PUNCH	 PEACH―ウォッカ―	70
/home/pi/Music/Hireso/OotukaAi/6-0003043131.flac	 大塚 愛	 AIO PUNCH	09a.m.―トニック―	70
/home/pi/Music/Hireso/TokiAsako/1-0009767141.flac	 土岐麻子	 HIGHLIGHT - The Very Best of Toki Asako -	 STRIPE	70
/home/pi/Music/Hireso/TokiAsako/2-0009767142.flac	 土岐麻子	 HIGHLIGHT - The Very Best of Toki Asako -	 Fancy Time	70
/home/pi/Music/Hireso/TokiAsako/3-0009767144.flac	 土岐麻子	 HIGHLIGHT - The Very Best of Toki Asako -	 乱反射ガール	70
/home/pi/Music/Hireso/TokiAsako/4-0009767145.flac	 土岐麻子	 HIGHLIGHT - The Very Best of Toki Asako -	 Gift ～あなたはマドンナ～(資生堂「エリクシール シュペリエル」CMソング)	70
/home/pi/Music/Hireso/TokiAsako/5-0009767147.flac	 土岐麻子	 HIGHLIGHT - The Very Best of Toki Asako -	 熱砂の女	70
/home/pi/Music/Hireso/TokiAsako/6-0009767149.flac	 土岐麻子	 HIGHLIGHT - The Very Best of Toki Asako -	 smilin'	70
/home/pi/Music/Hireso/TokiAsako/7-0009767153.flac	 土岐麻子	 HIGHLIGHT - The Very Best of Toki Asako -	 Rendez-vous in '58	70
/home/pi/Music/Hireso/TokiAsako/8-0009767160.flac	 土岐麻子	 HIGHLIGHT - The Very Best of Toki Asako -	 セ・ラ・ヴィ ～女は愛に忙しい～	70
/home/pi/Music/Hireso/TokiAsako/9-0009767161.flac	 土岐麻子	 HIGHLIGHT - The Very Best of Toki Asako -	 僕は愛を語れない	70
/home/pi/Music/Hireso/TokiAsako/10-0009767165.flac	 土岐麻子	 HIGHLIGHT - The Very Best of Toki Asako -	 Beautiful Day	70
/home/pi/Music/Hireso/TokiAsako/11-0009767171.flac	 土岐麻子	 HIGHLIGHT - The Very Best of Toki Asako -	 トーキョー・ドライブ	70
/home/pi/Music/Hireso/TokiAsako/12-0009767172.flac	 土岐麻子	 HIGHLIGHT - The Very Best of Toki Asako -	 BOYフロム世田谷	70
/home/pi/Music/Hireso/TokiAsako/13-0009767173.flac	 土岐麻子	 HIGHLIGHT - The Very Best of Toki Asako -	 Rain Dancer	70
/home/pi/Music/Hireso/TokiAsako/14-0009767174.flac	 土岐麻子	 HIGHLIGHT - The Very Best of Toki Asako -	 PINK	70
/home/pi/Music/Hireso/TokiAsako/15-0009767175.flac	 土岐麻子	 HIGHLIGHT - The Very Best of Toki Asako -	 FANTASY	70
/home/pi/Music/CD/UNISON/0010887898.flac	 東京スカパラダイスオーケストラ	 白と黒のモントゥーノ feat.斎藤宏介(UNISON SQUARE GARDEN)	 白と黒のモントゥーノ feat.斎藤宏介(UNISON SQUARE GARDEN)	70
/home/pi/Music/CD/UNISON/UNISON SQUARE GARDEN - zepp tokyo 20170607/01 - unknown 1 - Track 1.flac	-	 zepp tokyo 20170607	-	70
/home/pi/Music/CD/UNISON/UNISON SQUARE GARDEN - zepp tokyo 20170607/02 - unknown 2 - Track 2.flac	-	 zepp tokyo 20170607	-	70
/home/pi/Music/CD/UNISON/UNISON SQUARE GARDEN - zepp tokyo 20170607/03 - unknown 3 - Track 3.flac	-	 zepp tokyo 20170607	-	70
/home/pi/Music/CD/UNISON/UNISON SQUARE GARDEN - zepp tokyo 20170607/04 - unknown 4 - Track 4.flac	-	 zepp tokyo 20170607	-	70
/home/pi/Music/CD/UNISON/UNISON SQUARE GARDEN - zepp tokyo 20170607/05 - unknown 5 - Track 5.flac	-	 zepp tokyo 20170607	-	70
/home/pi/Music/CD/UNISON/UNISON SQUARE GARDEN - zepp tokyo 20170607/06 - unknown 6 - Track 6.flac	-	 zepp tokyo 20170607	-	70
/home/pi/Music/CD/UNISON/UNISON SQUARE GARDEN - zepp tokyo 20170607/07 - unknown 7 - Track 7.flac	-	 zepp tokyo 20170607	-	70
/home/pi/Music/CD/UNISON/UNISON SQUARE GARDEN - zepp tokyo 20170607/08 - unknown 8 - Track 8.flac	-	 zepp tokyo 20170607	-	70
/home/pi/Music/CD/UNISON/UNISON SQUARE GARDEN - zepp tokyo 20170607/09 - unknown 9 - Track 9.flac	-	 zepp tokyo 20170607	-	70
/home/pi/Music/CD/UNISON/UNISON SQUARE GARDEN - zepp tokyo 20170607/10 - unknown 10 - Track 10.flac	-	 zepp tokyo 20170607	-	70
/home/pi/Music/CD/UNISON/UNISON SQUARE GARDEN - zepp tokyo 20170607/11 - unknown 11 - Track 11.flac	-	 zepp tokyo 20170607	-	70
/home/pi/Music/CD/UNISON/UNISON SQUARE GARDEN - zepp tokyo 20170607/12 - unknown 12 - Track 12.flac	-	 zepp tokyo 20170607	-	70
/home/pi/Music/CD/UNISON/UNISON SQUARE GARDEN - Dr.Izzy	-	-	-	70
/home/pi/Music/Hireso/1-0003746962.flac	tion	 まちびとの唄	 まちびとの唄	70
